{
  "pages": [
    {
      "section": "market",
      "heading1": [
        {
          "title": "Global & Local Trends",
          "href": "market.html#global-local-trends.html",
          "sub": [
            "Global Trends",
            "Trends Observed in Turkey", 
            "Turkish Market Overview",
            "Competitor Analysis & SWOT",
            "SWOT Analysis",
            "Differentiation Matrix",
            "Moat & Defensibility",
            "Gap Analysis in Review Ecosystem"
          ]
        },
        {
          "title": "Market Overview",
          "href": "market.html#market-overview.html",
          "sub": [
            "Overview of Target Markets",
            "Strategic Market Choices and Sectoral Focuses in the Early Phases"
          ]
        },
        {
          "title": "Market Positioning",
          "href": "market.html#market-positioning.html",
          "sub": [
            "Value Proposition",
            "PRODUCT / SERVICE", 
            "CUSTOMER",
            "Positioning Strategy:"
          ]
        },
        {
          "title": "Risk Assesments (PESTELC)",
          "href": "market.html#risk-assesments-pestelc.html",
          "sub": []
        },
        {
          "title": "Target Market & Segmentation",
          "href": "market.html#target-market-segmentation.html",
          "sub": [
            "Addressable Market Size",
            "User Profiles and Segmentation"
          ]
        },
        {
          "title": "User Journey Map",
          "href": "market.html#user-journey-map.html",
          "sub": []
        }
      ]
    },
    {
      "section": "product",
      "heading1": [
        {
          "title": "OVERVIEW",
          "href": "product.html#overview.html",
          "sub": [
            "TIPBOX Versus Traditional Platforms",
            "Reward Mechanism",
            "User Experience and Tools",
            "AI-Supported Systems",
            "TIPBOX's Vision"
          ]
        },
        {
          "title": "FOCUS PROBLEMS",
          "href": "product.html#focus-problems.html",
          "sub": [
            "Major Problems",
            "Minor Problems",
            "TIPBOX's Focus"
          ]
        },
        {
          "title": "COMPACT SOLUTIONS",
          "href": "product.html#compact-solutions.html",
          "sub": [
            "Incentive and Reward Mechanism",
            "Multi-Platform Integration",
            "Integration Benefits",
            "Innovative Experience Sharing Model"
          ]
        },
        {
          "title": "PLATFORM CONCEPT AND HIGHLIGHTED FEATURES",
          "href": "product.html#platform-concept-and-highlighted-features.html",
          "sub": [
            "Slices of Experience",
            "NFT Badge System",
            "Hybrid Structure",
            "Integrated Modules"
          ]
        },
        {
          "title": "USERS AND ECOSYSTEM",
          "href": "product.html#users-and-ecosystem.html",
          "sub": [
            "User Profiles",
            "User Interaction with the Platform",
            "Social Mechanisms That Hold the Ecosystem Together",
            "Strategic Ecosystem Advantages",
            "User Access and Participation Model (Freemium Structure)"
          ]
        },
        {
          "title": "ON-PLATFORM ECONOMY",
          "href": "product.html#on-platform-economy.html",
          "sub": [
            "TIPBOX Prime Pass",
            "TIPBOX Premium"
          ]
        },
        {
          "title": "REVENUE SHARING, INCENTIVE AND REWARD MECHANISMS",
          "href": "product.html#revenue-sharing-incentive-and-reward-mechanisms.html",
          "sub": [
            "Economic Incentives and Rewards for Users",
            "Creator Program and Revenue Sharing Details",
            "Strategic Advantages of Revenue Sharing",
            "Prize Pool and Distribution Models in Revenue Sharing"
          ]
        },
        {
          "title": "TIPS",
          "href": "product.html#tips.html",
          "sub": [
            "TIPS Token and Its Functions",
            "Experience-Based NFT Badges: Purpose and Functionality",
            "Special NFTs and Their Functions"
          ]
        }
      ]
    },
    {
      "section": "go-to-market",
      "heading1": [
        {
          "title": "Go to Market Model & Logic",
          "href": "go-to-market.html#go-to-market.html",
          "sub": [
            "Product-Led Model",
            "Inbound Model"
          ]
        },
        {
          "title": "Marketing Plan",
          "href": "go-to-market.html#marketing-plan.html",
          "sub": [
            "Creator Program",
            "Localization & Expansion"
          ]
        },
        {
          "title": "Sales & Pricing Strategy",
          "href": "go-to-market.html#sales-pricing-strategy.html",
          "sub": []
        },
        {
          "title": "KPIs and Success Metrics",
          "href": "go-to-market.html#kpis-and-success-metrics.html",
          "sub": []
        },
        {
          "title": "Expansion Strategy",
          "href": "go-to-market.html#expansion-strategy.html",
          "sub": []
        },
        {
          "title": "User Behavior Flow and Conversion Expectations",
          "href": "go-to-market.html#user-behavior-flow-and-conversion-expectations.html",
          "sub": []
        }
      ]
    },
    {
      "section": "technology",
      "heading1": [
        {
          "title": "Application Architecture (Web2 - Web3)",
          "href": "technology.html#application-architecture.html",
          "sub": [
            "AI Integration and Modular Architecture",
            "Web3 Wallet Module",
            "Account Abstraction",
            "Web3 Wallet Module Architecture",
            "Application Integrity"
          ]
        },
        {
          "title": "Network Infrastructure",
          "href": "technology.html#network-infrastructure.html",
          "sub": []
        },
        {
          "title": "Multi-Layered Architecture",
          "href": "technology.html#multi-layered-architecture.html",
          "sub": []
        },
        {
          "title": "Core Architectural Principles",
          "href": "technology.html#core-architectural-principles.html",
          "sub": []
        }
      ]
    },
    {
      "section": "transparency",
      "heading1": [
        {
          "title": "OVERVIEW & PRINCIPLES",
          "href": "transparency-tokenomics.html#overview-principles.html",
          "sub": []
        },
        {
          "title": "TOKENECONOMICS & DISTRIBUTION",
          "href": "transparency-tokenomics.html#tokeneconomics-distribution.html",
          "sub": []
        },
        {
          "title": "IN-APP ECONOMY & REVENUE STREAMS",
          "href": "transparency-tokenomics.html#in-app-economy-revenue-streams.html",
          "sub": []
        },
        {
          "title": "TOKEN SALE & LIQUIDITY STRATEGY",
          "href": "transparency-tokenomics.html#token-sale-liquidity-strategy.html",
          "sub": []
        },
        {
          "title": "TREASURY MANAGEMENT & GOVERNANCE",
          "href": "transparency-tokenomics.html#treasury-management-governance.html",
          "sub": []
        },
        {
          "title": "COMPLIANCE & REGULATORY RISK MANAGEMENT",
          "href": "transparency-tokenomics.html#compliance-regulatory-risk-management.html",
          "sub": []
        },
        {
          "title": "TRANSPARENCY",
          "href": "transparency-tokenomics.html",
          "sub": []
        }
      ]
    },
    {
      "section": "company",
      "heading1": [
        {
          "title": "OVERVIEW",
          "href": "company-finance.html#overview.html",
          "sub": []
        },
        {
          "title": "CAP TABLE & OWNERSHIP ALLOCATIONS",
          "href": "company-finance.html#cap-table-ownership-allocations.html",
          "sub": []
        },
        {
          "title": "SHARE CLASSES & RIGHTS",
          "href": "company-finance.html#share-classes-rights.html",
          "sub": []
        },
        {
          "title": "INVESTMENT PLAN",
          "href": "company-finance.html#investment-plan.html",
          "sub": []
        },
        {
          "title": "INVESTMENT ROUNDS & DILUTION EFFECTS",
          "href": "company-finance.html#investment-rounds-dilution-effects.html",
          "sub": []
        },
        {
          "title": "FINANCIAL PROJECTIONS & BREAK-EVEN ANALYSIS",
          "href": "company-finance.html#financial-projections-break-even-analysis.html",
          "sub": []
        },
        {
          "title": "EXIT STRATEGIES",
          "href": "company-finance.html#exit-strategies.html",
          "sub": []
        }
      ]
    }
  ]
} 